TYPE,NAME,FB_URL,TW_HANDLE,TW_LIST,SUBREDDIT,SOURCE
MBFC_LEAST_BIASED,Arc Digital,,ArcDigi,,,
MBFC_LEAST_BIASED,Ballotpedia,https://www.facebook.com/Ballotpedia,ballotpedia,,,
MBFC_LEAST_BIASED,Big Think,https://www.facebook.com/BigThinkdotcom,bigthink,,,
MBFC_LEAST_BIASED,Border Report,https://www.facebook.com/BorderReport,BorderReportcom,,,
MBFC_LEAST_BIASED,Cspan,https://www.facebook.com/CSPAN,cspan,,,
MBFC_LEAST_BIASED,Consumer Reports,https://www.facebook.com/ConsumerReports,ConsumerReports,,,
MBFC_LEAST_BIASED,Doctors without Borders,https://www.facebook.com/msf.unitedkingdom,MSF_USA,,,
MBFC_LEAST_BIASED,EdScoop News,https://www.facebook.com/sngedscoop,EdScoop_news,,,
MBFC_LEAST_BIASED,Financial Times,https://www.facebook.com/financialtimes,FT,,,
MBFC_LEAST_BIASED,Gallup News,https://www.facebook.com/gallup,GallupNews,,,
MBFC_LEAST_BIASED,Lead Stories,https://www.facebook.com/LeadStoriesCom,LeadStoriesCom,,,
MBFC_LEAST_BIASED,Military Times,https://www.facebook.com/MilitaryTimesOnline,MilitaryTimes,,,
MBFC_LEAST_BIASED,Navy Times,https://www.facebook.com/navytimes,NavyTimes,,,
MBFC_LEAST_BIASED,NewsGuard,https://www.facebook.com/newsguardtech,NewsGuardRating,,,
MBFC_LEAST_BIASED,No Labels,https://www.facebook.com/NoLabels,NoLabelsOrg,,,
MBFC_LEAST_BIASED,Reuters,https://www.facebook.com/Reuters,Reuters,,,
MBFC_LEAST_BIASED,Adweek,https://www.facebook.com/Adweek,Adweek,,,
BRIDGING_NEWS,Ground News,https://www.facebook.com/ground.newsapp,Ground_app,,,
BRIDGING_NEWS,Tangle,https://www.facebook.com/TangleNews/,TangleNews,,,
BRIDGING_NEWS,Heather Cox Richardson,https://www.facebook.com/heathercoxrichardson/,HC_Richardson,,,
HUMANISATION,Humans of New York,https://www.facebook.com/humansofnewyork/,humansofny,,,
BRIDGE_ALLIANCE_MEMBER_ORGANIZATIONS,Unite America,https://www.facebook.com/UniteAmerica,uniteamerica,,,
BRIDGE_ALLIANCE_MEMBER_ORGANIZATIONS,Veterans for All Voters,https://www.facebook.com/veteransforallvoters,OperationVAV,,,
BRIDGE_ALLIANCE_MEMBER_ORGANIZATIONS,ActiVote,https://www.facebook.com/ActiVoteUS,ActiVoteUS,,,
BRIDGE_ALLIANCE_MEMBER_ORGANIZATIONS,AllSides,https://www.facebook.com/AllSidesNow,AllSidesNow,,,
BRIDGE_ALLIANCE_MEMBER_ORGANIZATIONS,Ballotpedia,https://www.facebook.com/Ballotpedia/,Ballotpedia,,,
BRIDGE_ALLIANCE_MEMBER_ORGANIZATIONS,Bill Track 50,https://www.facebook.com/LegiNation,BillTrack50,,,
BRIDGE_ALLIANCE_MEMBER_ORGANIZATIONS,Common Ground Committee,https://www.facebook.com/commongroundcommittee/,commongroundcom,,,
BRIDGE_ALLIANCE_MEMBER_ORGANIZATIONS,Fulcrum,https://www.facebook.com/TheFulcrum.US/,fulcrum_us,,,
BRIDGE_ALLIANCE_MEMBER_ORGANIZATIONS,Network for Responsible Public Policy,https://facebook.com/nfrpp,nfrpp,,,
BRIDGE_ALLIANCE_MEMBER_ORGANIZATIONS,CATO Institute,https://www.facebook.com/CatoInstitute,catoinstitute,,,
BRIDGE_ALLIANCE_MEMBER_ORGANIZATIONS,Truth in Accounting,https://www.facebook.com/truthinaccounting,truthinacct,,,
BRIDGE_ALLIANCE_MEMBER_ORGANIZATIONS,Voice of the People,https://www.facebook.com/VOPorg/,VOPorg,,,
BRIDGE_ALLIANCE_MEMBER_ORGANIZATIONS,Young Voices,https://www.facebook.com/YoungVoicesOrg/,join_yv,,,
BRIDGE_ALLIANCE_MEMBER_ORGANIZATIONS,GenUnity,https://www.facebook.com/JoinGenUnity/,joingenunity,,,
BRIDGE_ALLIANCE_MEMBER_ORGANIZATIONS,guides.vote,https://www.facebook.com/guides.vote/,guidesvote,,,
BRIDGE_ALLIANCE_MEMBER_ORGANIZATIONS,iCivics,http://www.facebook.com/icivics,icivics,,,
BRIDGE_ALLIANCE_MEMBER_ORGANIZATIONS,IssueVoter,https://www.facebook.com/issuevoter,issuevoter,,,
BRIDGE_ALLIANCE_MEMBER_ORGANIZATIONS,National Civic League,https://www.facebook.com/NationalCivicLeague/,NationalCivic,,,
BRIDGE_ALLIANCE_MEMBER_ORGANIZATIONS,Up to Us,https://www.facebook.com/itsuptous.org,uptousnews,,,
BRIDGE_ALLIANCE_MEMBER_ORGANIZATIONS,American Promise,https://www.facebook.com/usapromise/,usapromise,,,
BRIDGE_ALLIANCE_MEMBER_ORGANIZATIONS,Business for America,https://facebook.com/bfamericaus/,bfamericaus,,,
BRIDGE_ALLIANCE_MEMBER_ORGANIZATIONS,Cities of Service,http://www.facebook.com/CitiesofService,CitiesOfService,,,
BRIDGE_ALLIANCE_MEMBER_ORGANIZATIONS,Congressional Management Foundation,https://www.facebook.com/CongressFoundation/,congressfdn,,,
BRIDGE_ALLIANCE_MEMBER_ORGANIZATIONS,Election Reformers Network,https://www.facebook.com/electionreformersnetwork,ERN_Reformers,,,
BRIDGE_ALLIANCE_MEMBER_ORGANIZATIONS,Fix Democracy First,https://www.facebook.com/fixdemocracyfirst.org,fixdemocracy1st,,,
BRIDGE_ALLIANCE_MEMBER_ORGANIZATIONS,Healthy Democracy,https://www.facebook.com/healthydemocracy,healthydem,,,
BRIDGE_ALLIANCE_MEMBER_ORGANIZATIONS,Issue One,https://www.facebook.com/IssueOneReform,IssueOneReform,,,
BRIDGE_ALLIANCE_MEMBER_ORGANIZATIONS,Leadership Now Project,https://www.facebook.com/LeadershipNowProject/,leadershipnp,,,
BRIDGE_ALLIANCE_MEMBER_ORGANIZATIONS,National Foundation for Women Legislators,https://www.facebook.com/electedwomen,electedwomen,,,
BRIDGE_ALLIANCE_MEMBER_ORGANIZATIONS,Represent Women,https://www.facebook.com/156580661152181,RepresentWomen,,,
BRIDGE_ALLIANCE_MEMBER_ORGANIZATIONS,Represent Us,https://facebook.com/RepresentUs/,RepresentUs,,,
BRIDGE_ALLIANCE_MEMBER_ORGANIZATIONS,National Institute for Civil Discourse,https://www.facebook.com/NationalInstituteForCivilDiscourse/,nicdinstitute,,,
BRIDGE_ALLIANCE_MEMBER_ORGANIZATIONS,Resolutionaries,https://www.facebook.com/resolutionaries.org/,Resolutionarie1,,,
BRIDGE_ALLIANCE_MEMBER_ORGANIZATIONS,The Horizons Project,https://www.facebook.com/HorizonsPRJT,horizonsprjt,,,
BRIDGE_ALLIANCE_MEMBER_ORGANIZATIONS,The Ministerium,https://www.facebook.com/indianapolisministerium,IDouglasHicks,,,
BRIDGE_ALLIANCE_MEMBER_ORGANIZATIONS,The Village Square,https://www.facebook.com/TLH.villagesquare/,VillageSquareFL,,,
BRIDGE_ALLIANCE_MEMBER_ORGANIZATIONS,Unify America,http://www.facebook.com/unifyamericaofficial,_UnifyAmerica_,,,
BRIDGE_ALLIANCE_MEMBER_ORGANIZATIONS,US Values Alliance,,ValuesUs,,,
BRIDGE_ALLIANCE_MEMBER_ORGANIZATIONS,USC Center for the Political Future,https://www.facebook.com/USCPolFuture,USCPolFuture,,,
BRIDGE_ALLIANCE_MEMBER_ORGANIZATIONS,AASCU,https://www.facebook.com/aascu/,AASCU,,,
BRIDGE_ALLIANCE_MEMBER_ORGANIZATIONS,GlobalEd,http://facebook.com/CCCUGlobalEd,mobile.cccuorg,,,
BRIDGE_ALLIANCE_MEMBER_ORGANIZATIONS,Center for New Democratic Processes,https://www.facebook.com/CNDP.US,cndp_us,,,
BRIDGE_ALLIANCE_MEMBER_ORGANIZATIONS,Civics Unplugged,https://www.facebook.com/CivicsUnplugged/,CivicsUnplugged,,,
BRIDGE_ALLIANCE_MEMBER_ORGANIZATIONS,92NY,http://www.facebook.com/92ndstreetY,92ndstreety,,,
BRIDGE_ALLIANCE_MEMBER_ORGANIZATIONS,America Indivisible,https://www.facebook.com/AmericaIndivisible,,,,
BRIDGE_ALLIANCE_MEMBER_ORGANIZATIONS,American Public Square,https://www.facebook.com/AmPublicSquare/,AmPublicSquare,,,
BRIDGE_ALLIANCE_MEMBER_ORGANIZATIONS,American Values Coalition,https://www.facebook.com/ouramericanvalues/,ourvaluesngo,,,
BRIDGE_ALLIANCE_MEMBER_ORGANIZATIONS,Bridge USA,https://www.facebook.com/BridgeUSA1/,BridgeUSA_,,,
BRIDGE_ALLIANCE_MEMBER_ORGANIZATIONS,Care Lab,https://www.facebook.com/CareLab.org,_carelab,,,
BRIDGE_ALLIANCE_MEMBER_ORGANIZATIONS,Civic Genius,http://www.facebook.com/civicgenius,civicgenius,,,
BRIDGE_ALLIANCE_MEMBER_ORGANIZATIONS,Civic Health Project,https://www.facebook.com/CivicHealthProject/,civichealthproj,,,
BRIDGE_ALLIANCE_MEMBER_ORGANIZATIONS,Civity,https://www.facebook.com/civity,ThisIsCivity,,,
BRIDGE_ALLIANCE_MEMBER_ORGANIZATIONS,Divided We Fall,https://www.facebook.com/Divided-We-Fall-1212227562288757,dividedwefall42,,,
BRIDGE_ALLIANCE_MEMBER_ORGANIZATIONS,What is Essential,https://www.facebook.com/essentialpartners,essentialprtnrs,,,
BRIDGE_ALLIANCE_MEMBER_ORGANIZATIONS,Fighting to Understand,https://www.facebook.com/FightingToUnderstand/,,,,
BRIDGE_ALLIANCE_MEMBER_ORGANIZATIONS,IDEOS Institute,https://www.facebook.com/ideosinstitute/,ideosinstitute,,,
BRIDGE_ALLIANCE_MEMBER_ORGANIZATIONS,In This Together,https://www.facebook.com/inthistogetheramerica,inthistogether0,,,
BRIDGE_ALLIANCE_MEMBER_ORGANIZATIONS,Interactivity Foundation,https://www.facebook.com/pages/Interactivity-Foundation/194638041766,IFTalks,,,
BRIDGE_ALLIANCE_MEMBER_ORGANIZATIONS,Listen First Project,https://www.facebook.com/ListenFirstProject,ListenFirstProj,,,
BRIDGE_ALLIANCE_MEMBER_ORGANIZATIONS,Living Room Conversations,https://www.facebook.com/LivingRoomConversations/,LivingRoomConvo,,,
BRIDGE_ALLIANCE_MEMBER_ORGANIZATIONS,Mormon Women for Ethical Government,https://www.facebook.com/mormonweg/,mormonweg,,,
BRIDGE_ALLIANCE_MEMBER_ORGANIZATIONS,Team Democracy,https://www.facebook.com/teamdemocracy/,teamdemocracy,,,
,,,,,,
ICCCR_COLUMBIA_BRIDGING_ORG_LIST,The Better Arguments Project,,aspencitizen,,,
ICCCR_COLUMBIA_BRIDGING_ORG_LIST,,https://www.facebook.com/BeyondConflictInt/,Beyond_Conflict,,,
ICCCR_COLUMBIA_BRIDGING_ORG_LIST,,https://www.facebook.com/bridgealliance/,,,,
ICCCR_COLUMBIA_BRIDGING_ORG_LIST,,https://facebook.com/braverangels,braverangels,,,
ICCCR_COLUMBIA_BRIDGING_ORG_LIST,,https://www.facebook.com/onbeing,onbeing,,,
ICCCR_COLUMBIA_BRIDGING_ORG_LIST,,https://www.facebook.com/couragerenewal,couragerenewal,,,
ICCCR_COLUMBIA_BRIDGING_ORG_LIST,,https://www.facebook.com/CharterforCompassion,TheCharter,,,
ICCCR_COLUMBIA_BRIDGING_ORG_LIST,,https://www.facebook.com/crossingpartylines/,crosspartylines,,,
ICCCR_COLUMBIA_BRIDGING_ORG_LIST,,https://www.facebook.com/makeamericadinneragain/,MADA_hosts,,,
ICCCR_COLUMBIA_BRIDGING_ORG_LIST,,https://www.facebook.com/moreincommonteam/,Moreincommon_,,,
ICCCR_COLUMBIA_BRIDGING_ORG_LIST,,https://www.facebook.com/NAFCM,nafcm,,,
ICCCR_COLUMBIA_BRIDGING_ORG_LIST,,https://www.facebook.com/nonpartisanreformers/,nanreformers,,,
ICCCR_COLUMBIA_BRIDGING_ORG_LIST,,http://www.facebook.com/sharer.php?u=https%3A%2F%2Foneamericamovement.org%2Ffaith-communities%2F&t=Faith%20Communities,oneamericamvmt,,,
ICCCR_COLUMBIA_BRIDGING_ORG_LIST,,https://www.facebook.com/CDIamerica,CDI_America,,,
ICCCR_COLUMBIA_BRIDGING_ORG_LIST,,https://www.facebook.com/InsightOnConflict/,insightconflict,,,
ICCCR_COLUMBIA_BRIDGING_ORG_LIST,,https://www.facebook.com/pewresearch/,pewresearch,,,
ICCCR_COLUMBIA_BRIDGING_ORG_LIST,,,pascl_stanford,,,
ICCCR_COLUMBIA_BRIDGING_ORG_LIST,,https://www.facebook.com/sustaineddialogue,sustaindialogue,,,
ICCCR_COLUMBIA_BRIDGING_ORG_LIST,,https://www.facebook.com/Weavesocialfabric,weavetheppl,,,
ICCCR_COLUMBIA_BRIDGING_ORG_LIST,,https://www.facebook.com/americanlisteningproject/?locale=fy_NL,,,,
ICCCR_COLUMBIA_BRIDGING_ORG_LIST,,https://www.facebook.com/civilsquared,CivilSquared,,,
ICCCR_COLUMBIA_BRIDGING_ORG_LIST,,https://www.facebook.com/CorticoLVN/,cortico,,,
ICCCR_COLUMBIA_BRIDGING_ORG_LIST,,https://www.facebook.com/KnowTheFlipSide/,knowtheflipside,,,
ICCCR_COLUMBIA_BRIDGING_ORG_LIST,,https://www.facebook.com/KCRWLeftRightandCenter/,lrckcrw,,,
ICCCR_COLUMBIA_BRIDGING_ORG_LIST,,https://www.facebook.com/solutionsjournalism/,soljourno,,,
ICCCR_COLUMBIA_BRIDGING_ORG_LIST,,https://www.facebook.com/spaceshipmediagroup/,spaceship_media,,,
ICCCR_COLUMBIA_BRIDGING_ORG_LIST,,,TranspartisanRT,,,
ICCCR_COLUMBIA_BRIDGING_ORG_LIST,,https://www.facebook.com/BigTentNation/,bigtentnation,,,
ICCCR_COLUMBIA_BRIDGING_ORG_LIST,,https://facebook.com/BipartisanPolicyCenter,BPC_Bipartisan,,,
ICCCR_COLUMBIA_BRIDGING_ORG_LIST,,,CSPC_DC,,,
ICCCR_COLUMBIA_BRIDGING_ORG_LIST,,https://www.facebook.com/BudgetHawks,BudgetHawks,,,
ICCCR_COLUMBIA_BRIDGING_ORG_LIST,,https://www.facebook.com/ConvergenceCtr,ConvergenceCtr,,,
ICCCR_COLUMBIA_BRIDGING_ORG_LIST,,,democracyfund,,,
ICCCR_COLUMBIA_BRIDGING_ORG_LIST,,http://www.facebook.com/usafmc,usafmc,,,
ICCCR_COLUMBIA_BRIDGING_ORG_LIST,,https://www.facebook.com/civilgovernment,CivilGovernment,,,
ICCCR_COLUMBIA_BRIDGING_ORG_LIST,,https://facebook.com/mccourtneyinst,mccourtneyinst,,,
ICCCR_COLUMBIA_BRIDGING_ORG_LIST,,http://www.facebook.com/Futurecaucus,futurecaucus,,,
ICCCR_COLUMBIA_BRIDGING_ORG_LIST,,https://www.facebook.com/NationalInstituteForCivilDiscourse/,NICDInstitute,,,
ICCCR_COLUMBIA_BRIDGING_ORG_LIST,,https://www.facebook.com/niskanencenter/,NiskanenCenter,,,
ICCCR_COLUMBIA_BRIDGING_ORG_LIST,,https://facebook.com/NoLabels,NoLabelsOrg,,,
ICCCR_COLUMBIA_BRIDGING_ORG_LIST,,https://www.facebook.com/UniteAmerica/,uniteamerica,,,
ICCCR_COLUMBIA_BRIDGING_ORG_LIST,,https://www.facebook.com/TheVolckerAlliance,VolckerAlliance,,,
ICCCR_COLUMBIA_BRIDGING_ORG_LIST,,,ColumbiaUEnergy,,,
ICCCR_COLUMBIA_BRIDGING_ORG_LIST,,https://www.facebook.com/citizensclimatelobby,citizensclimate,,,
ICCCR_COLUMBIA_BRIDGING_ORG_LIST,,https://www.facebook.com/DEPLOYUS1/,deploy_us,,,
ICCCR_COLUMBIA_BRIDGING_ORG_LIST,,https://facebook.com/earthxorg/,earthxorg,,,
ICCCR_COLUMBIA_BRIDGING_ORG_LIST,,http://facebook.com/TheFuture500,future500,,,
ICCCR_COLUMBIA_BRIDGING_ORG_LIST,,https://www.facebook.com/outriderfdn/,outriderfdn,,,
ICCCR_COLUMBIA_BRIDGING_ORG_LIST,,https://www.facebook.com/politicalclimatepodcast/,Poli_Climate,,,
ICCCR_COLUMBIA_BRIDGING_ORG_LIST,,https://www.facebook.com/republicen/,republicEn,,,
ICCCR_COLUMBIA_BRIDGING_ORG_LIST,,,ashokaus,,,
ICCCR_COLUMBIA_BRIDGING_ORG_LIST,,https://www.facebook.com/healthydemocracy,healthydem,,,
ICCCR_COLUMBIA_BRIDGING_ORG_LIST,,https://www.facebook.com/NicholasInstitute,nichinstitute,,,
ICCCR_COLUMBIA_BRIDGING_ORG_LIST,,https://www.facebook.com/OneMontana1/,,,,
ICCCR_COLUMBIA_BRIDGING_ORG_LIST,,https://www.facebook.com/STLshakesfest,STLshakesfest,,,
ICCCR_COLUMBIA_BRIDGING_ORG_LIST,,https://www.facebook.com/allintovote,allintovote,,,
ICCCR_COLUMBIA_BRIDGING_ORG_LIST,,https://www.facebook.com/ADPaascu/,adpaascu,,,
ICCCR_COLUMBIA_BRIDGING_ORG_LIST,,https://www.facebook.com/BridgeUSA1/,BridgeUSA_,,,
ICCCR_COLUMBIA_BRIDGING_ORG_LIST,,https://www.facebook.com/civicinfluencers/,civicinfluencer,,,
ICCCR_COLUMBIA_BRIDGING_ORG_LIST,,https://www.facebook.com/Etgar36/,Etgar36,,,
ICCCR_COLUMBIA_BRIDGING_ORG_LIST,,https://www.facebook.com/USCPolFuture,USCPolFuture,,,
ICCCR_COLUMBIA_BRIDGING_ORG_LIST,,https://www.facebook.com/FacingHistory,facinghistory,,,
ICCCR_COLUMBIA_BRIDGING_ORG_LIST,,https://www.facebook.com/ragfpeace,rtnsforpeace,,,
ICCCR_COLUMBIA_BRIDGING_ORG_LIST,,https://www.facebook.com/LearningforJustice/,learnforjustice,,,
ICCCR_COLUMBIA_BRIDGING_ORG_LIST,,https://www.facebook.com/OfficialCourageousConversation/,ccaboutrace,,,
ICCCR_COLUMBIA_BRIDGING_ORG_LIST,,https://www.facebook.com/GlobalPeaceIndex,GlobPeaceIndex,,,
ICCCR_COLUMBIA_BRIDGING_ORG_LIST,,https://www.facebook.com/UniteAmerica,uniteamerica,,,
ICCCR_COLUMBIA_BRIDGING_ORG_LIST,,https://www.facebook.com/ncfrpage,ncfr,,,
ICCCR_COLUMBIA_BRIDGING_ORG_LIST,,https://www.facebook.com/AmericaIndivisible,,,,
ICCCR_COLUMBIA_BRIDGING_ORG_LIST,,https://www.facebook.com/Civic-Spirit-101211795261471/,civic_spirit,,,
ICCCR_COLUMBIA_BRIDGING_ORG_LIST,,https://www.facebook.com/interfaithalliance/,intrfthalliance,,,
ICCCR_COLUMBIA_BRIDGING_ORG_LIST,,http://facebook.com/amillionconvos,amillionconvos,,,
ICCCR_COLUMBIA_BRIDGING_ORG_LIST,,https://www.facebook.com/pluralismproj/,PluralismProj,,,
ICCCR_COLUMBIA_BRIDGING_ORG_LIST,,,State_Formation,,,
ICCCR_COLUMBIA_BRIDGING_ORG_LIST,,https://www.facebook.com/generationsforpeace,Gens_For_Peace,,,
ICCCR_COLUMBIA_BRIDGING_ORG_LIST,,http://facebook.com/peaceplayersintl,peaceplayers,,,
ICCCR_COLUMBIA_BRIDGING_ORG_LIST,,https://www.facebook.com/peaceandsport?fref=ts,,,,
ICCCR_COLUMBIA_BRIDGING_ORG_LIST,,https://www.facebook.com/RISEtoWIN,RISEtoWIN,,,
ICCCR_COLUMBIA_BRIDGING_ORG_LIST,,https://www.facebook.com/thebetterangelssociety/,BetterAngelsSoc,,,
ICCCR_COLUMBIA_BRIDGING_ORG_LIST,,https://www.facebook.com/CivicLifeProject/,civic_life,,,
ICCCR_COLUMBIA_BRIDGING_ORG_LIST,,https://www.facebook.com/peoplessupper,peoplessupper,,,
ICCCR_COLUMBIA_BRIDGING_ORG_LIST,,https://www.facebook.com/WelcomingAmerica,WelcomingUSA,,,
ICCCR_COLUMBIA_BRIDGING_ORG_LIST,,https://www.facebook.com/heterodoxacademy,hdxacademy,,,
ICCCR_COLUMBIA_BRIDGING_ORG_LIST,,https://www.facebook.com/AmPublicSquare/,AmPublicSquare,,,
ICCCR_COLUMBIA_BRIDGING_ORG_LIST,,https://www.facebook.com/everydaydemocracy,evdem,,,
STATE_GOVERNORS,Kay Ivey (Alabama),https://www.facebook.com/GovernorKayIvey,GovernorKayIvey,,,
STATE_GOVERNORS,Mike Dunleavy (Alaska),https://www.facebook.com/GovDunleavy,GovDunleavy,,,
STATE_GOVERNORS,Katie Hobbs (Arizona),https://www.facebook.com/GovernorHobbs,GovernorHobbs,,,
STATE_GOVERNORS,Sarah Huckabee Sanders (Arkansas),https://www.facebook.com/SarahforGovernor,SarahHuckabee,,,
STATE_GOVERNORS,Gavin Newsom (California),https://www.facebook.com/GavinNewsom,GavinNewsom,,,
STATE_GOVERNORS,Jared Polis (Colorado),https://www.facebook.com/jaredpolisco,GovofCO,,,
STATE_GOVERNORS,Ned Lamont (Connecticut),https://www.facebook.com/GovNedLamont,GovNedLamont,,,
STATE_GOVERNORS,John Carney (Delaware),https://www.facebook.com/JohnCarneyDE,JohnCarneyDE,,,
STATE_GOVERNORS,Ron DeSantis (Florida),https://www.facebook.com/RonDeSantisFL,GovRonDeSantis,,,
STATE_GOVERNORS,Brian Kemp (Georgia),https://www.facebook.com/BrianKempGA,GovKemp,,,
STATE_GOVERNORS,Josh Green (Hawaii),https://www.facebook.com/GovJoshGreen,GovJoshGreen,,,
STATE_GOVERNORS,Brad Little (Idaho),https://www.facebook.com/GovernorBradLittle,GovernorLittle,,,
STATE_GOVERNORS,J. B. Pritzker (Illinois),https://www.facebook.com/GovernorPritzker,GovPritzker,,,
STATE_GOVERNORS,Eric Holcomb (Indiana),https://www.facebook.com/GovHolcomb,GovHolcomb,,,
STATE_GOVERNORS,Kim Reynolds (Iowa),https://www.facebook.com/IAGovernor,IAGovernor,,,
STATE_GOVERNORS,Laura Kelly (Kansas),https://www.facebook.com/GovLauraKelly,GovLauraKelly,,,
STATE_GOVERNORS,Andy Beshear (Kentucky),https://www.facebook.com/GovAndyBeshear,AndyBeshearKY,,,
STATE_GOVERNORS,Jeff Landry (Louisiana),https://www.facebook.com/JeffLandry,JeffLandry,,,
STATE_GOVERNORS,Janet Mills (Maine),https://www.facebook.com/GovJanetMills,GovJanetMills,,,
STATE_GOVERNORS,Wes Moore (Maryland),https://www.facebook.com/iamwesmoore,iamwesmoore,,,
STATE_GOVERNORS,Maura Healey (Massachusetts),https://www.facebook.com/MauraHealey,MassGovernor,,,
STATE_GOVERNORS,Gretchen Whitmer (Michigan),https://www.facebook.com/GovGretchenWhitmer,GovWhitmer,,,
STATE_GOVERNORS,Tim Walz (Minnesota),https://www.facebook.com/GovTimWalz,GovTimWalz,,,
STATE_GOVERNORS,Tate Reeves (Mississippi),https://www.facebook.com/tatereeves,tatereeves,,,
STATE_GOVERNORS,Mike Parson (Missouri),https://www.facebook.com/GovMikeParson,GovParsonMO,,,
STATE_GOVERNORS,Greg Gianforte (Montana),https://www.facebook.com/GovGianforte,GovGianforte,,,
STATE_GOVERNORS,Jim Pillen (Nebraska),https://www.facebook.com/TeamPillen,TeamPillen,,,
STATE_GOVERNORS,Joe Lombardo (Nevada),https://www.facebook.com/JoeLombardo,JosephMLombardo,,,
STATE_GOVERNORS,Chris Sununu (New Hampshire),https://www.facebook.com/GovChrisSununu,GovChrisSununu,,,
STATE_GOVERNORS,Phil Murphy (New Jersey),https://www.facebook.com/governorphilmurphy,GovMurphy,,,
STATE_GOVERNORS,Michelle Lujan Grisham (New Mexico),https://www.facebook.com/GovMLG,GovMLG,,,
STATE_GOVERNORS,Kathy Hochul (New York),https://www.facebook.com/GovKathyHochul,GovKathyHochul,,,
STATE_GOVERNORS,Roy Cooper (North Carolina),https://www.facebook.com/NCgovernor,NC_Governor,,,
STATE_GOVERNORS,Doug Burgum (North Dakota),https://www.facebook.com/DougBurgumND,DougBurgum,,,
STATE_GOVERNORS,Mike DeWine (Ohio),https://www.facebook.com/GovMikeDeWine,GovMikeDeWine,,,
STATE_GOVERNORS,Kevin Stitt (Oklahoma),https://www.facebook.com/GovStitt,GovStitt,,,
STATE_GOVERNORS,Tina Kotek (Oregon),https://www.facebook.com/GovTinaKotek,GovTinaKotek,,,
STATE_GOVERNORS,Josh Shapiro (Pennsylvania),https://www.facebook.com/GovernorShapiro,GovernorShapiro,,,
STATE_GOVERNORS,Dan McKee (Rhode Island),https://www.facebook.com/GovDanMcKee,GovDanMcKee,,,
STATE_GOVERNORS,Henry McMaster (South Carolina),https://www.facebook.com/henrymcmaster,henrymcmaster,,,
STATE_GOVERNORS,Kristi Noem (South Dakota),https://www.facebook.com/govkristinoem,govkristinoem,,,
STATE_GOVERNORS,Spencer Cox (Utah),https://www.facebook.com/govcox,GovCox,,,
CONGRESS_HOUSE,,,RepAdams,,,
CONGRESS_HOUSE,,,Robert_Aderholt,,,
CONGRESS_HOUSE,,,RepPeteAguilar,,,
CONGRESS_HOUSE,,,RepMarkAlford,,,
CONGRESS_HOUSE,,,RepRickAllen,,,
CONGRESS_HOUSE,,,RepColinAllred,,,
CONGRESS_HOUSE,,,RepGabeAmo,,,
CONGRESS_HOUSE,,,MarkAmodeiNV2,,,
CONGRESS_HOUSE,,,RepArmstrongND,,,
CONGRESS_HOUSE,,,RepArrington,,,
CONGRESS_HOUSE,,,RepAuchincloss,,,
CONGRESS_HOUSE,,,RepBrianBabin,,,
CONGRESS_HOUSE,,,RepDonBacon,,,
CONGRESS_HOUSE,,,RepJimBaird,,,
CONGRESS_HOUSE,,,RepBalderson,,,
CONGRESS_HOUSE,,,RepBeccaB,,,
CONGRESS_HOUSE,,,RepJimBanks,,,
CONGRESS_HOUSE,,,RepAndyBarr,,,
CONGRESS_HOUSE,,,RepBarragan,,,
CONGRESS_HOUSE,,,RepAaronBean,,,
CONGRESS_HOUSE,,,RepBeatty,,,
CONGRESS_HOUSE,,,RepBentz,,,
CONGRESS_HOUSE,,,RepBera,,,
CONGRESS_HOUSE,,,RepJackBergman,,,
CONGRESS_HOUSE,,,RepDonBeyer,,,
CONGRESS_HOUSE,,,RepBice,,,
CONGRESS_HOUSE,,,RepAndyBiggsAZ,,,
CONGRESS_HOUSE,,,RepGusBilirakis,,,
CONGRESS_HOUSE,,,RepDanBishop,,,
CONGRESS_HOUSE,,,SanfordBishop,,,
CONGRESS_HOUSE,,,repblumenauer,,,
CONGRESS_HOUSE,,,RepLBR,,,
CONGRESS_HOUSE,,,RepBoebert,,,
CONGRESS_HOUSE,,,RepBonamici,,,
CONGRESS_HOUSE,,,RepBost,,,
CONGRESS_HOUSE,,,RepBowman,,,
CONGRESS_HOUSE,,,CongBoyle,,,
CONGRESS_HOUSE,,,RepBrecheen,,,
CONGRESS_HOUSE,,,RepShontelBrown,,,
CONGRESS_HOUSE,,,RepBrownley,,,
CONGRESS_HOUSE,,,VernBuchanan,,,
CONGRESS_HOUSE,,,RepKenBuck,,,
CONGRESS_HOUSE,,,RepLarryBucshon,,,
CONGRESS_HOUSE,,,RepNikkiB,,,
CONGRESS_HOUSE,,,RepTimBurchett,,,
CONGRESS_HOUSE,,,michaelcburgess,,,
CONGRESS_HOUSE,,,RepEricBurlison,,,
CONGRESS_HOUSE,,,RepCori,,,
CONGRESS_HOUSE,,,KenCalvert,,,
CONGRESS_HOUSE,,,RepKatCammack,,,
CONGRESS_HOUSE,,,RepCaraveoMD,,,
CONGRESS_HOUSE,,,RepCarbajal,,,
CONGRESS_HOUSE,,,RepCardenas,,,
CONGRESS_HOUSE,,,RepMikeCarey,,,
CONGRESS_HOUSE,,,RepJerryCarl,,,
CONGRESS_HOUSE,,,RepAndreCarson,,,
CONGRESS_HOUSE,,,RepBuddyCarter,,,
CONGRESS_HOUSE,,,JudgeCarter,,,
CONGRESS_HOUSE,,,RepTroyCarter,,,
CONGRESS_HOUSE,,,RepCartwright,,,
CONGRESS_HOUSE,,,RepCasar,,,
CONGRESS_HOUSE,,,RepEdCase,,,
CONGRESS_HOUSE,,,RepCasten,,,
CONGRESS_HOUSE,,,USRepKCastor,,,
CONGRESS_HOUSE,,,JoaquinCastrotx,,,
CONGRESS_HOUSE,,,RepLCD,,,
CONGRESS_HOUSE,,,CongresswomanSC,,,
CONGRESS_HOUSE,,,RepJudyChu,,,
CONGRESS_HOUSE,,,RepCiscomani,,,
CONGRESS_HOUSE,,,RepKClark,,,
CONGRESS_HOUSE,,,RepYvetteClarke,,,
CONGRESS_HOUSE,,,repcleaver,,,
CONGRESS_HOUSE,,,RepBenCline,,,
CONGRESS_HOUSE,,,RepCloudTX,,,
CONGRESS_HOUSE,,,WhipClyburn,,,
CONGRESS_HOUSE,,,Rep_Clyde,,,
CONGRESS_HOUSE,,,RepCohen,,,
CONGRESS_HOUSE,,,TomColeOK04,,,
CONGRESS_HOUSE,,,RepMikeCollins,,,
CONGRESS_HOUSE,,,RepJamesComer,,,
CONGRESS_HOUSE,,,GerryConnolly,,,
CONGRESS_HOUSE,,,RepLouCorrea,,,
CONGRESS_HOUSE,,,RepJimCosta,,,
CONGRESS_HOUSE,,,RepJoeCourtney,,,
CONGRESS_HOUSE,,,RepAngieCraig,,,
CONGRESS_HOUSE,,,RepEliCrane,,,
CONGRESS_HOUSE,,,RepRickCrawford,,,
CONGRESS_HOUSE,,,RepDanCrenshaw,,,
CONGRESS_HOUSE,,,RepJasmine,,,
CONGRESS_HOUSE,,,RepJasonCrow,,,
CONGRESS_HOUSE,,,RepCuellar,,,
CONGRESS_HOUSE,,,RepJohnCurtis,,,
CONGRESS_HOUSE,,,RepDavids,,,
CONGRESS_HOUSE,,,WarrenDavidson,,,
CONGRESS_HOUSE,,,RepDannyDavis,,,
CONGRESS_HOUSE,,,RepDonDavis,,,
CONGRESS_HOUSE,,,RepDean,,,
CONGRESS_HOUSE,,,RepDianaDeGette,,,
CONGRESS_HOUSE,,,RepMonicaDLC,,,
CONGRESS_HOUSE,,,rosadelauro,,,
CONGRESS_HOUSE,,,RepDelBene,,,
CONGRESS_HOUSE,,,RepDeluzio,,,
CONGRESS_HOUSE,,,RepDeSaulnier,,,
CONGRESS_HOUSE,,,DesJarlaisTN04,,,
CONGRESS_HOUSE,,,RepDesposito,,,
CONGRESS_HOUSE,,,MarioDB,,,
CONGRESS_HOUSE,,,RepDebDingell,,,
CONGRESS_HOUSE,,,RepLloydDoggett,,,
CONGRESS_HOUSE,,,RepDonaldsPress,,,
CONGRESS_HOUSE,,,RepDuarteCA13,,,
CONGRESS_HOUSE,,,RepJeffDuncan,,,
CONGRESS_HOUSE,,,DrNealDunnFL2,,,
CONGRESS_HOUSE,,,RepEdwards,,,
CONGRESS_HOUSE,,,RepEllzey,,,
CONGRESS_HOUSE,,,RepTomEmmer,,,
CONGRESS_HOUSE,,,RepEscobar,,,
CONGRESS_HOUSE,,,RepAnnaEshoo,,,
CONGRESS_HOUSE,,,RepEspaillat,,,
CONGRESS_HOUSE,,,RepRonEstes,,,
CONGRESS_HOUSE,,,RepDwightEvans,,,
CONGRESS_HOUSE,,,RepEzell,,,
CONGRESS_HOUSE,,,RepPatFallon,,,
CONGRESS_HOUSE,,,RepFeenstra,,,
CONGRESS_HOUSE,,,RepDrewFerguson,,,
CONGRESS_HOUSE,,,repfinstad,,,
CONGRESS_HOUSE,,,RepFischbach,,,
CONGRESS_HOUSE,,,RepFitzgerald,,,
CONGRESS_HOUSE,,,RepBrianFitz,,,
CONGRESS_HOUSE,,,RepChuck,,,
CONGRESS_HOUSE,,,RepFletcher,,,
CONGRESS_HOUSE,,,USRepMikeFlood,,,
CONGRESS_HOUSE,,,RepBillFoster,,,
CONGRESS_HOUSE,,,ValerieFoushee,,,
CONGRESS_HOUSE,,,virginiafoxx,,,
CONGRESS_HOUSE,,,RepLoisFrankel,,,
CONGRESS_HOUSE,,,RepFranklin,,,
CONGRESS_HOUSE,,,RepMaxwellFrost,,,
CONGRESS_HOUSE,,,RepRussellFry,,,
CONGRESS_HOUSE,,,RepRussFulcher,,,
CONGRESS_HOUSE,,,RepMattGaetz,,,
CONGRESS_HOUSE,,,RepGallagher,,,
CONGRESS_HOUSE,,,RepRubenGallego,,,
CONGRESS_HOUSE,,,RepGaramendi,,,
CONGRESS_HOUSE,,,RepGarbarino,,,
CONGRESS_HOUSE,,,RepChuyGarcia,,,
CONGRESS_HOUSE,,,RepMikeGarcia,,,
CONGRESS_HOUSE,,,RepRobertGarcia,,,
CONGRESS_HOUSE,,,RepSylviaGarcia,,,
CONGRESS_HOUSE,,,RepCarlos,,,
CONGRESS_HOUSE,,,RepGolden,,,
CONGRESS_HOUSE,,,RepDanGoldman,,,
CONGRESS_HOUSE,,,RepJimmyGomez,,,
CONGRESS_HOUSE,,,RepTonyGonzales,,,
CONGRESS_HOUSE,,,RepGonzalez,,,
CONGRESS_HOUSE,,,RepJenniffer,,,
CONGRESS_HOUSE,,,RepBobGood,,,
CONGRESS_HOUSE,,,Lancegooden,,,
CONGRESS_HOUSE,,,RepGosar,,,
CONGRESS_HOUSE,,,RepJoshG,,,
CONGRESS_HOUSE,,,RepKayGranger,,,
CONGRESS_HOUSE,,,RepGarretGraves,,,
CONGRESS_HOUSE,,,RepSamGraves,,,
CONGRESS_HOUSE,,,RepAlGreen,,,
CONGRESS_HOUSE,,,RepMarkGreen,,,
CONGRESS_HOUSE,,,RepMTG,,,
CONGRESS_HOUSE,,,RepMGriffith,,,
CONGRESS_HOUSE,,,RepRaulGrijalva,,,
CONGRESS_HOUSE,,,RepGrothman,,,
CONGRESS_HOUSE,,,RepMichaelGuest,,,
CONGRESS_HOUSE,,,RepGuthrie,,,
CONGRESS_HOUSE,,,RepHageman,,,
CONGRESS_HOUSE,,,RepJoshHarder,,,
CONGRESS_HOUSE,,,RepAndyHarrisMD,,,
CONGRESS_HOUSE,,,RepHarshbarger,,,
CONGRESS_HOUSE,,,RepJahanaHayes,,,
CONGRESS_HOUSE,,,repkevinhern,,,
CONGRESS_HOUSE,,,RepClayHiggins,,,
CONGRESS_HOUSE,,,RepFrenchHill,,,
CONGRESS_HOUSE,,,jahimes,,,
CONGRESS_HOUSE,,,RepAshleyHinson,,,
CONGRESS_HOUSE,,,RepHorsford,,,
CONGRESS_HOUSE,,,RepHouchin,,,
CONGRESS_HOUSE,,,RepHoulahan,,,
CONGRESS_HOUSE,,,RepStenyHoyer,,,
CONGRESS_HOUSE,,,RepValHoyle,,,
CONGRESS_HOUSE,,,RepRichHudson,,,
CONGRESS_HOUSE,,,RepHuffman,,,
CONGRESS_HOUSE,,,RepHuizenga,,,
CONGRESS_HOUSE,,,RepWesleyHunt,,,
CONGRESS_HOUSE,,,repdarrellissa,,,
CONGRESS_HOUSE,,,RepGlennIvey,,,
CONGRESS_HOUSE,,,RepJeffJackson,,,
CONGRESS_HOUSE,,,rep_jackson,,,
CONGRESS_HOUSE,,,RepRonnyJackson,,,
CONGRESS_HOUSE,,,JacksonLeeTX18,,,
CONGRESS_HOUSE,,,RepSaraJacobs,,,
CONGRESS_HOUSE,,,RepJames,,,
CONGRESS_HOUSE,,,RepJayapal,,,
CONGRESS_HOUSE,,,RepJeffries,,,
CONGRESS_HOUSE,,,RepBillJohnson,,,
CONGRESS_HOUSE,,,RepDustyJohnson,,,
CONGRESS_HOUSE,,,RepHankJohnson,,,
CONGRESS_HOUSE,,,RepMikeJohnson,,,
CONGRESS_HOUSE,,,Jim_Jordan,,,
CONGRESS_HOUSE,,,RepDaveJoyce,,,
CONGRESS_HOUSE,,,RepJohnJoyce,,,
CONGRESS_HOUSE,,,RepKamlagerDove,,,
CONGRESS_HOUSE,,,RepMarcyKaptur,,,
CONGRESS_HOUSE,,,congressmankean,,,
CONGRESS_HOUSE,,,USRepKeating,,,
CONGRESS_HOUSE,,,MikeKellyPA,,,
CONGRESS_HOUSE,,,RepRobinKelly,,,
CONGRESS_HOUSE,,,RepTrentKelly,,,
CONGRESS_HOUSE,,,RepTimKennedy,,,
CONGRESS_HOUSE,,,RepRoKhanna,,,
CONGRESS_HOUSE,,,RepJenKiggans,,,
CONGRESS_HOUSE,,,RepDanKildee,,,
CONGRESS_HOUSE,,,RepKiley,,,
CONGRESS_HOUSE,,,RepDerekKilmer,,,
CONGRESS_HOUSE,,,RepAndyKimNJ,,,
CONGRESS_HOUSE,,,RepYoungKim,,,
CONGRESS_HOUSE,,,CongressmanRaja,,,
CONGRESS_HOUSE,,,RepAnnieKuster,,,
CONGRESS_HOUSE,,,RepDavidKustoff,,,
CONGRESS_HOUSE,,,RepLaHood,,,
CONGRESS_HOUSE,,,replalota,,,
CONGRESS_HOUSE,,,RepLaMalfa,,,
CONGRESS_HOUSE,,,RepDLamborn,,,
CONGRESS_HOUSE,,,repgreglandsman,,,
CONGRESS_HOUSE,,,RepLangworthy,,,
CONGRESS_HOUSE,,,RepRickLarsen,,,
CONGRESS_HOUSE,,,RepJohnLarson,,,
CONGRESS_HOUSE,,,boblatta,,,
CONGRESS_HOUSE,,,RepLaTurner,,,
CONGRESS_HOUSE,,,RepMikeLawler,,,
CONGRESS_HOUSE,,,RepBarbaraLee,,,
CONGRESS_HOUSE,,,RepLaurelLee,,,
CONGRESS_HOUSE,,,RepSummerLee,,,
CONGRESS_HOUSE,,,RepSusieLee,,,
CONGRESS_HOUSE,,,RepTeresaLF,,,
CONGRESS_HOUSE,,,RepDLesko,,,
CONGRESS_HOUSE,,,RepJuliaLetlow,,,
CONGRESS_HOUSE,,,RepMikeLevin,,,
CONGRESS_HOUSE,,,RepTedLieu,,,
CONGRESS_HOUSE,,,RepZoeLofgren,,,
CONGRESS_HOUSE,,,RepLoudermilk,,,
CONGRESS_HOUSE,,,RepFrankLucas,,,
CONGRESS_HOUSE,,,RepBlaine,,,
CONGRESS_HOUSE,,,RepLuna,,,
CONGRESS_HOUSE,,,repluttrell,,,
CONGRESS_HOUSE,,,RepStephenLynch,,,
CONGRESS_HOUSE,,,RepNancyMace,,,
CONGRESS_HOUSE,,,Rep_Magaziner,,,
CONGRESS_HOUSE,,,RepMalliotakis,,,
CONGRESS_HOUSE,,,RepMaloyUtah,,,
CONGRESS_HOUSE,,,RepMann,,,
CONGRESS_HOUSE,,,RepKManning,,,
CONGRESS_HOUSE,,,RepThomasMassie,,,
CONGRESS_HOUSE,,,RepBrianMast,,,
CONGRESS_HOUSE,,,DorisMatsui,,,
CONGRESS_HOUSE,,,RepLucyMcBath,,,
CONGRESS_HOUSE,,,SpeakerMcCarthy,,,
CONGRESS_HOUSE,,,RepMcCaul,,,
CONGRESS_HOUSE,,,RepLisaMcClain,,,
CONGRESS_HOUSE,,,RepMcClellan,,,
CONGRESS_HOUSE,,,RepMcClintock,,,
CONGRESS_HOUSE,,,BettyMcCollum04,,,
CONGRESS_HOUSE,,,RepMcCormick,,,
CONGRESS_HOUSE,,,RepMcGarvey,,,
CONGRESS_HOUSE,,,RepMcGovern,,,
CONGRESS_HOUSE,,,PatrickMcHenry,,,
CONGRESS_HOUSE,,,RepGregoryMeeks,,,
CONGRESS_HOUSE,,,RepMenendez,,,
CONGRESS_HOUSE,,,RepGraceMeng,,,
CONGRESS_HOUSE,,,RepMeuser,,,
CONGRESS_HOUSE,,,RepKweisiMfume,,,
CONGRESS_HOUSE,,,RepCarolMiller,,,
CONGRESS_HOUSE,,,RepMaryMiller,,,
CONGRESS_HOUSE,,,RepMaxMiller,,,
CONGRESS_HOUSE,,,RepMMM,,,
CONGRESS_HOUSE,,,repmillspress,,,
CONGRESS_HOUSE,,,RepMolinaroNY19,,,
CONGRESS_HOUSE,,,RepMoolenaar,,,
CONGRESS_HOUSE,,,RepAlexMooney,,,
CONGRESS_HOUSE,,,RepBarryMoore,,,
CONGRESS_HOUSE,,,RepBlakeMoore,,,
CONGRESS_HOUSE,,,RepGwenMoore,,,
CONGRESS_HOUSE,,,RepNateMoran,,,
CONGRESS_HOUSE,,,RepJoeMorelle,,,
CONGRESS_HOUSE,,,RepMoskowitz,,,
CONGRESS_HOUSE,,,teammoulton,,,
CONGRESS_HOUSE,,,JMoylanforGuam,,,
CONGRESS_HOUSE,,,RepMrvan,,,
CONGRESS_HOUSE,,,RepKevinMullin,,,
CONGRESS_HOUSE,,,RepGregMurphy,,,
CONGRESS_HOUSE,,,RepJerryNadler,,,
CONGRESS_HOUSE,,,gracenapolitano,,,
CONGRESS_HOUSE,,,RepRichardNeal,,,
CONGRESS_HOUSE,,,RepJoeNeguse,,,
CONGRESS_HOUSE,,,RepTroyNehls,,,
CONGRESS_HOUSE,,,RepNewhouse,,,
CONGRESS_HOUSE,,,repwileynickel,,,
CONGRESS_HOUSE,,,DonaldNorcross,,,
CONGRESS_HOUSE,,,RepRalphNorman,,,
CONGRESS_HOUSE,,,EleanorNorton,,,
CONGRESS_HOUSE,,,zachnunn,,,
CONGRESS_HOUSE,,,JayObernolte,,,
CONGRESS_HOUSE,,,RepAOC,,,
CONGRESS_HOUSE,,,repogles,,,
CONGRESS_HOUSE,,,Ilhan,,,
CONGRESS_HOUSE,,,RepBurgessOwens,,,
CONGRESS_HOUSE,,,FrankPallone,,,
CONGRESS_HOUSE,,,USRepGaryPalmer,,,
CONGRESS_HOUSE,,,RepJimmyPanetta,,,
CONGRESS_HOUSE,,,RepChrisPappas,,,
CONGRESS_HOUSE,,,BillPascrell,,,
CONGRESS_HOUSE,,,RepDonaldPayne,,,
CONGRESS_HOUSE,,,SpeakerPelosi,,,
CONGRESS_HOUSE,,,Rep_Peltola,,,
CONGRESS_HOUSE,,,RepGregPence,,,
CONGRESS_HOUSE,,,RepMGP,,,
CONGRESS_HOUSE,,,RepScottPerry,,,
CONGRESS_HOUSE,,,RepScottPeters,,,
CONGRESS_HOUSE,,,RepPettersen,,,
CONGRESS_HOUSE,,,RepPfluger,,,
CONGRESS_HOUSE,,,RepDeanPhillips,,,
CONGRESS_HOUSE,,,chelliepingree,,,
CONGRESS_HOUSE,,,StaceyPlaskett,,,
CONGRESS_HOUSE,,,repmarkpocan,,,
CONGRESS_HOUSE,,,RepKatiePorter,,,
CONGRESS_HOUSE,,,congbillposey,,,
CONGRESS_HOUSE,,,RepPressley,,,
CONGRESS_HOUSE,,,RepMikeQuigley,,,
CONGRESS_HOUSE,,,RepAmata,,,
CONGRESS_HOUSE,,,repdeliaramirez,,,
CONGRESS_HOUSE,,,RepRaskin,,,
CONGRESS_HOUSE,,,GReschenthaler,,,
CONGRESS_HOUSE,,,cathymcmorris,,,
CONGRESS_HOUSE,,,RepHalRogers,,,
CONGRESS_HOUSE,,,RepMikeRogersAL,,,
CONGRESS_HOUSE,,,RepJohnRose,,,
CONGRESS_HOUSE,,,RepRosendale,,,
CONGRESS_HOUSE,,,RepDeborahRoss,,,
CONGRESS_HOUSE,,,RepDavidRouzer,,,
CONGRESS_HOUSE,,,RepChipRoy,,,
CONGRESS_HOUSE,,,RepRaulRuizMD,,,
CONGRESS_HOUSE,,,Call_Me_Dutch,,,
CONGRESS_HOUSE,,,RepRutherfordFL,,,
CONGRESS_HOUSE,,,RepPatRyanNY,,,
CONGRESS_HOUSE,,,Kilili_Sablan,,,
CONGRESS_HOUSE,,,RepMariaSalazar,,,
CONGRESS_HOUSE,,,repsalinas,,,
CONGRESS_HOUSE,,,RepLindaSanchez,,,
CONGRESS_HOUSE,,,RepSarbanes,,,
CONGRESS_HOUSE,,,SteveScalise,,,
CONGRESS_HOUSE,,,RepMGS,,,
CONGRESS_HOUSE,,,janschakowsky,,,
CONGRESS_HOUSE,,,RepAdamSchiff,,,
CONGRESS_HOUSE,,,RepSchneider,,,
CONGRESS_HOUSE,,,RepScholten,,,
CONGRESS_HOUSE,,,RepKimSchrier,,,
CONGRESS_HOUSE,,,RepDavid,,,
CONGRESS_HOUSE,,,AustinScottGA08,,,
CONGRESS_HOUSE,,,repdavidscott,,,
CONGRESS_HOUSE,,,BobbyScott,,,
CONGRESS_HOUSE,,,repkeithself,,,
CONGRESS_HOUSE,,,PeteSessions,,,
CONGRESS_HOUSE,,,RepTerriSewell,,,
CONGRESS_HOUSE,,,BradSherman,,,
CONGRESS_HOUSE,,,RepSherrill,,,
CONGRESS_HOUSE,,,CongMikeSimpson,,,
CONGRESS_HOUSE,,,RepSlotkin,,,
CONGRESS_HOUSE,,,RepAdamSmith,,,
CONGRESS_HOUSE,,,RepAdrianSmith,,,
CONGRESS_HOUSE,,,RepJasonSmith,,,
CONGRESS_HOUSE,,,RepSmucker,,,
CONGRESS_HOUSE,,,RepEricSorensen,,,
CONGRESS_HOUSE,,,RepDarrenSoto,,,
CONGRESS_HOUSE,,,RepSpanberger,,,
CONGRESS_HOUSE,,,RepSpartz,,,
CONGRESS_HOUSE,,,Rep_Stansbury,,,
CONGRESS_HOUSE,,,RepGregStanton,,,
CONGRESS_HOUSE,,,RepPeteStauber,,,
CONGRESS_HOUSE,,,RepSteel,,,
CONGRESS_HOUSE,,,RepStefanik,,,
CONGRESS_HOUSE,,,RepBryanSteil,,,
CONGRESS_HOUSE,,,RepGregSteube,,,
CONGRESS_HOUSE,,,RepHaleyStevens,,,
CONGRESS_HOUSE,,,RepStricklandWA,,,
CONGRESS_HOUSE,,,RepDaleStrong,,,
CONGRESS_HOUSE,,,reptomsuozzi,,,
CONGRESS_HOUSE,,,RepSwalwell,,,
CONGRESS_HOUSE,,,RepEmiliaSykes,,,
CONGRESS_HOUSE,,,RepMarkTakano,,,
CONGRESS_HOUSE,,,RepTenney,,,
CONGRESS_HOUSE,,,repshrithanedar,,,
CONGRESS_HOUSE,,,BennieGThompson,,,
CONGRESS_HOUSE,,,CongressmanGT,,,
CONGRESS_HOUSE,,,RepThompson,,,
CONGRESS_HOUSE,,,RepTiffany,,,
CONGRESS_HOUSE,,,RepTimmons,,,
CONGRESS_HOUSE,,,repdinatitus,,,
CONGRESS_HOUSE,,,RepRashida,,,
CONGRESS_HOUSE,,,RepJillTokuda,,,
CONGRESS_HOUSE,,,RepPaulTonko,,,
CONGRESS_HOUSE,,,NormaJTorres,,,
CONGRESS_HOUSE,,,RepRitchie,,,
CONGRESS_HOUSE,,,RepLoriTrahan,,,
CONGRESS_HOUSE,,,RepDavidTrone,,,
CONGRESS_HOUSE,,,RepMikeTurner,,,
CONGRESS_HOUSE,,,RepUnderwood,,,
CONGRESS_HOUSE,,,RepDavidValadao,,,
CONGRESS_HOUSE,,,Congressman_JVD,,,
CONGRESS_HOUSE,,,RepBethVanDuyne,,,
CONGRESS_HOUSE,,,repvanorden,,,
CONGRESS_HOUSE,,,RepJuanVargas,,,
CONGRESS_HOUSE,,,RepGabeVasquez,,,
CONGRESS_HOUSE,,,RepVeasey,,,
CONGRESS_HOUSE,,,NydiaVelazquez,,,
CONGRESS_HOUSE,,,RepAnnWagner,,,
CONGRESS_HOUSE,,,RepWalberg,,,
CONGRESS_HOUSE,,,RepWaltzPress,,,
CONGRESS_HOUSE,,,RepDWStweets,,,
CONGRESS_HOUSE,,,RepMaxineWaters,,,
CONGRESS_HOUSE,,,RepBonnie,,,
CONGRESS_HOUSE,,,TXRandy14,,,
CONGRESS_HOUSE,,,RepWebster,,,
CONGRESS_HOUSE,,,RepBradWenstrup,,,
CONGRESS_HOUSE,,,RepWesterman,,,
CONGRESS_HOUSE,,,RepWexton,,,
CONGRESS_HOUSE,,,RepSusanWild,,,
CONGRESS_HOUSE,,,RepWilliams,,,
CONGRESS_HOUSE,,,RepNikema,,,
CONGRESS_HOUSE,,,RepRWilliams,,,
CONGRESS_HOUSE,,,RepWilson,,,
CONGRESS_HOUSE,,,RepJoeWilson,,,
CONGRESS_HOUSE,,,RobWittman,,,
CONGRESS_HOUSE,,,rep_stevewomack,,,
CONGRESS_HOUSE,,,RepRudyYakym,,,
CONGRESS_HOUSE,,,RepRyanZinke,,,
CONGRESS_SENATE,,,SenatorBaldwin,,,
CONGRESS_SENATE,,,SenJohnBarrasso,,,
CONGRESS_SENATE,,,SenatorBennet,,,
CONGRESS_SENATE,,,MarshaBlackburn,,,
CONGRESS_SENATE,,,SenBlumenthal,,,
CONGRESS_SENATE,,,CoryBooker,,,
CONGRESS_SENATE,,,JohnBoozman,,,
CONGRESS_SENATE,,,SenatorBraun,,,
CONGRESS_SENATE,,,SenKatieBritt,,,
CONGRESS_SENATE,,,SenSherrodBrown,,,
CONGRESS_SENATE,,,Senlaphonza,,,
CONGRESS_SENATE,,,SenTedBuddNC,,,
CONGRESS_SENATE,,,SenatorCantwell,,,
CONGRESS_SENATE,,,SenCapito,,,
CONGRESS_SENATE,,,SenatorCardin,,,
CONGRESS_SENATE,,,SenatorCarper,,,
CONGRESS_SENATE,,,SenBobCasey,,,
CONGRESS_SENATE,,,SenBillCassidy,,,
CONGRESS_SENATE,,,SenatorCollins,,,
CONGRESS_SENATE,,,ChrisCoons,,,
CONGRESS_SENATE,,,JohnCornyn,,,
CONGRESS_SENATE,,,SenCortezMasto,,,
CONGRESS_SENATE,,,SenTomCotton,,,
CONGRESS_SENATE,,,SenKevinCramer,,,
CONGRESS_SENATE,,,MikeCrapo,,,
CONGRESS_SENATE,,,SenTedCruz,,,
CONGRESS_SENATE,,,SteveDaines,,,
CONGRESS_SENATE,,,SenDuckworth,,,
CONGRESS_SENATE,,,SenatorDurbin,,,
CONGRESS_SENATE,,,SenJoniErnst,,,
CONGRESS_SENATE,,,SenFettermanPA,,,
CONGRESS_SENATE,,,SenatorFischer,,,
CONGRESS_SENATE,,,SenGillibrand,,,
CONGRESS_SENATE,,,LindseyGrahamSC,,,
CONGRESS_SENATE,,,ChuckGrassley,,,
CONGRESS_SENATE,,,SenatorHagerty,,,
CONGRESS_SENATE,,,SenatorHassan,,,
CONGRESS_SENATE,,,HawleyMO,,,
CONGRESS_SENATE,,,MartinHeinrich,,,
CONGRESS_SENATE,,,SenatorHick,,,
CONGRESS_SENATE,,,maziehirono,,,
CONGRESS_SENATE,,,SenJohnHoeven,,,
CONGRESS_SENATE,,,SenHydeSmith,,,
CONGRESS_SENATE,,,SenRonJohnson,,,
CONGRESS_SENATE,,,timkaine,,,
CONGRESS_SENATE,,,SenMarkKelly,,,
CONGRESS_SENATE,,,SenJohnKennedy,,,
CONGRESS_SENATE,,,SenAngusKing,,,
CONGRESS_SENATE,,,SenAmyKlobuchar,,,
CONGRESS_SENATE,,,SenatorLankford,,,
CONGRESS_SENATE,,,SenMikeLee,,,
CONGRESS_SENATE,,,SenatorLujan,,,
CONGRESS_SENATE,,,SenLummis,,,
CONGRESS_SENATE,,,Sen_JoeManchin,,,
CONGRESS_SENATE,,,SenMarkey,,,
CONGRESS_SENATE,,,SenatorMarshall,,,
CONGRESS_SENATE,,,senatemajldr,,,
CONGRESS_SENATE,,,SenatorMenendez,,,
CONGRESS_SENATE,,,SenJeffMerkley,,,
CONGRESS_SENATE,,,JerryMoran,,,
CONGRESS_SENATE,,,SenMullin,,,
CONGRESS_SENATE,,,lisamurkowski,,,
CONGRESS_SENATE,,,ChrisMurphyCT,,,
CONGRESS_SENATE,,,PattyMurray,,,
CONGRESS_SENATE,,,ossoff,,,
CONGRESS_SENATE,,,SenAlexPadilla,,,
CONGRESS_SENATE,,,RandPaul,,,
CONGRESS_SENATE,,,SenGaryPeters,,,
CONGRESS_SENATE,,,SenJackReed,,,
CONGRESS_SENATE,,,SenatorRicketts,,,
CONGRESS_SENATE,,,SenatorRisch,,,
CONGRESS_SENATE,,,SenatorRomney,,,
CONGRESS_SENATE,,,SenJackyRosen,,,
CONGRESS_SENATE,,,SenatorRounds,,,
CONGRESS_SENATE,,,marcorubio,,,
CONGRESS_SENATE,,,SenSanders,,,
CONGRESS_SENATE,,,SenBrianSchatz,,,
CONGRESS_SENATE,,,SenEricSchmitt,,,
CONGRESS_SENATE,,,SenSchumer,,,
CONGRESS_SENATE,,,SenRickScott,,,
CONGRESS_SENATE,,,SenatorTimScott,,,
CONGRESS_SENATE,,,SenatorShaheen,,,
CONGRESS_SENATE,,,SenatorSinema,,,
CONGRESS_SENATE,,,SenTinaSmith,,,
CONGRESS_SENATE,,,SenStabenow,,,
CONGRESS_SENATE,,,SenDanSullivan,,,
CONGRESS_SENATE,,,SenatorTester,,,
CONGRESS_SENATE,,,SenJohnThune,,,
CONGRESS_SENATE,,,SenThomTillis,,,
CONGRESS_SENATE,,,SenTuberville,,,
CONGRESS_SENATE,,,ChrisVanHollen,,,
CONGRESS_SENATE,,,SenVancePress,,,
CONGRESS_SENATE,,,MarkWarner,,,
CONGRESS_SENATE,,,SenatorWarnock,,,
CONGRESS_SENATE,,,SenWarren,,,
CONGRESS_SENATE,,,PeterWelch,,,
CONGRESS_SENATE,,,SenWhitehouse,,,
CONGRESS_SENATE,,,SenatorWicker,,,
CONGRESS_SENATE,,,RonWyden,,,
CONGRESS_SENATE,,,SenToddYoung,,,
LOW_TOXICITY_POLITICAL_SUBREDDITS,,,,,AskEconomics,https://ojs.aaai.org/index.php/ICWSM/article/view/7323/7177
LOW_TOXICITY_POLITICAL_SUBREDDITS,,,,,Ask_Politics,
LOW_TOXICITY_POLITICAL_SUBREDDITS,,,,,NeutralPolitics,
LOW_TOXICITY_POLITICAL_SUBREDDITS,,,,,geopolitics,
LOW_TOXICITY_POLITICAL_SUBREDDITS,,,,,neutralnews,
LOW_TOXICITY_POLITICAL_SUBREDDITS,,,,,Economics,
LOW_TOXICITY_POLITICAL_SUBREDDITS,,,,,badeconomics,
LOW_TOXICITY_POLITICAL_SUBREDDITS,,,,,BasicIncome,
LOW_TOXICITY_POLITICAL_SUBREDDITS,,,,,Republican,
LOW_TOXICITY_POLITICAL_SUBREDDITS,,,,,law,
LOW_TOXICITY_POLITICAL_SUBREDDITS,,,,,PoliticalDiscussion,
LOW_TOXICITY_POLITICAL_SUBREDDITS,,,,,AskTrumpSupporters,
LOW_TOXICITY_POLITICAL_SUBREDDITS,,,,,GoldandBlack,
LOW_TOXICITY_POLITICAL_SUBREDDITS,,,,,economy,
LOW_TOXICITY_POLITICAL_SUBREDDITS,,,,,NorthCaroline,
LOW_TOXICITY_POLITICAL_SUBREDDITS,,,,,DebateCommunism,
LOW_TOXICITY_POLITICAL_SUBREDDITS,,,,,wisconsin,
LOW_TOXICITY_POLITICAL_SUBREDDITS,,,,,Political_Revolution,
LOW_TOXICITY_POLITICAL_SUBREDDITS,,,,,alberta,
LOW_TOXICITY_POLITICAL_SUBREDDITS,,,,,AskThe_Donald,
LOW_TOXICITY_POLITICAL_SUBREDDITS,,,,,socialism,
LOW_TOXICITY_POLITICAL_SUBREDDITS,,,,,neoliberal,
LOW_TOXICITY_POLITICAL_SUBREDDITS,,,,,gunpolitics,
LOW_TOXICITY_POLITICAL_SUBREDDITS,,,,,WikiLeaks,
LOW_TOXICITY_POLITICAL_SUBREDDITS,,,,,liberalgunowners,
LOW_TOXICITY_POLITICAL_SUBREDDITS,,,,,Libertarianism,
LOW_TOXICITY_POLITICAL_SUBREDDITS,,,,,MarchForScience,
LOW_TOXICITY_POLITICAL_SUBREDDITS,,,,,lostgeneration,
LOW_TOXICITY_POLITICAL_SUBREDDITS,,,,,KeepOurNetFree,
WP_GREAT_STATE_REPORTERS,,,cmarinucci,,,https://x.com/i/lists/1320425721047748609
WP_GREAT_STATE_REPORTERS,,,TedNesi,,,
WP_GREAT_STATE_REPORTERS,,,adamwren,,,
WP_GREAT_STATE_REPORTERS,,,MSpicuzzaMJS,,,
WP_GREAT_STATE_REPORTERS,,,pierremercer,,,
WP_GREAT_STATE_REPORTERS,,,errollouis,,,
WP_GREAT_STATE_REPORTERS,,,LauraRBelin,,,
WP_GREAT_STATE_REPORTERS,,,KCMikeMahoney,,,
WP_GREAT_STATE_REPORTERS,,,JSODonoghue,,,
WP_GREAT_STATE_REPORTERS,,,RalstonReports,,,
WP_GREAT_STATE_REPORTERS,,,universalhub,,,
WP_GREAT_STATE_REPORTERS,,,capitolfax,,,
WP_GREAT_STATE_REPORTERS,,,SteveLemongello,,,
WP_GREAT_STATE_REPORTERS,,,JamesPindell,,,
WP_GREAT_STATE_REPORTERS,,,tomsherwood,,,
WP_GREAT_STATE_REPORTERS,,,ashtonpittman,,,
WP_GREAT_STATE_REPORTERS,,,ChadLivengood,,,
WP_GREAT_STATE_REPORTERS,,,ShiaKapos,,,
WP_GREAT_STATE_REPORTERS,,,toreyvanoot,,,
WP_GREAT_STATE_REPORTERS,,,kathyprojo,,,
WP_GREAT_STATE_REPORTERS,,,yvonnewingett,,,
WP_GREAT_STATE_REPORTERS,,,JoeBReporter,,,
WP_GREAT_STATE_REPORTERS,,,MelindaDeslatte,,,
WP_GREAT_STATE_REPORTERS,,,johnsb01,,,
WP_GREAT_STATE_REPORTERS,,,JoeBrunoWSOC9,,,
WP_GREAT_STATE_REPORTERS,,,HistoryLivesDet,,,
WP_GREAT_STATE_REPORTERS,,,michellelprice,,,
WP_GREAT_STATE_REPORTERS,,,JonCampbellNY,,,
WP_GREAT_STATE_REPORTERS,,,jrosenbaum,,,
WP_GREAT_STATE_REPORTERS,,,BrandiKruse,,,
WP_GREAT_STATE_REPORTERS,,,ctnewsjunkie,,,
WP_GREAT_STATE_REPORTERS,,,lmcgaughy,,,
WP_GREAT_STATE_REPORTERS,,,TIAreports,,,
WP_GREAT_STATE_REPORTERS,,,Elex_Michaelson,,,
WP_GREAT_STATE_REPORTERS,,,dani__battaglia,,,
WP_GREAT_STATE_REPORTERS,,,PatrickSvitek,,,
WP_GREAT_STATE_REPORTERS,,,capitolwatch,,,
WP_GREAT_STATE_REPORTERS,,,bluestein,,,
WP_GREAT_STATE_REPORTERS,,,MarcACaputo,,,
WP_GREAT_STATE_REPORTERS,,,darreldrowland,,,
WP_GREAT_STATE_REPORTERS,,,eluning,,,
WP_GREAT_STATE_REPORTERS,,,Mdixon55,,,
WP_GREAT_STATE_REPORTERS,,,casssemyon,,,
WP_GREAT_STATE_REPORTERS,,,IAmNickReynolds,,,
WP_GREAT_STATE_REPORTERS,,,cuneytdil,,,
WP_GREAT_STATE_REPORTERS,,,brahmresnik,,,
WP_GREAT_STATE_REPORTERS,,,fishnette,,,
WP_GREAT_STATE_REPORTERS,,,joegarofoli,,,
WP_GREAT_STATE_REPORTERS,,,MollyBeck,,,
WP_GREAT_STATE_REPORTERS,,,davebangert,,,
WP_GREAT_STATE_REPORTERS,,,J_Hancock,,,
WP_GREAT_STATE_REPORTERS,,,MGoodland,,,
WP_GREAT_STATE_REPORTERS,,,Dave_Boucher1,,,
WP_GREAT_STATE_REPORTERS,,,Rick_Sobey,,,
WP_GREAT_STATE_REPORTERS,,,FarnoushAmiri,,,
WP_GREAT_STATE_REPORTERS,,,sarbetter,,,
WP_GREAT_STATE_REPORTERS,,,ademillo,,,
WP_GREAT_STATE_REPORTERS,,,lisakashinsky,,,
WP_GREAT_STATE_REPORTERS,,,James_Barragan,,,
WP_GREAT_STATE_REPORTERS,,,MattFriedmanNJ,,,
WP_GREAT_STATE_REPORTERS,,,KObradovich,,,
WP_GREAT_STATE_REPORTERS,,,MaritsaGeorgiou,,,
WP_GREAT_STATE_REPORTERS,,,BradMcElhinny,,,
WP_GREAT_STATE_REPORTERS,,,lizskalka,,,
WP_GREAT_STATE_REPORTERS,,,DanSpehler,,,
WP_GREAT_STATE_REPORTERS,,,sbauerAP,,,
WP_GREAT_STATE_REPORTERS,,,patrickdmarley,,,
WP_GREAT_STATE_REPORTERS,,,anitawadhwani,,,
WP_GREAT_STATE_REPORTERS,,,SergioMarBel,,,
WP_GREAT_STATE_REPORTERS,,,dawnbvaughan,,,
WP_GREAT_STATE_REPORTERS,,,BGPolitics,,,
WP_GREAT_STATE_REPORTERS,,,Alexander_Tin,,,
WP_GREAT_STATE_REPORTERS,,,AttyAbdul,,,
WP_GREAT_STATE_REPORTERS,,,amanduhgomez,,,
WP_GREAT_STATE_REPORTERS,,,AdamSextonWMUR,,,
WP_GREAT_STATE_REPORTERS,,,DavidEggert00,,,
WP_GREAT_STATE_REPORTERS,,,samkarlin,,,
WP_GREAT_STATE_REPORTERS,,,NickReisman,,,
WP_GREAT_STATE_REPORTERS,,,fineout,,,
WP_GREAT_STATE_REPORTERS,,,DanMcGowan,,,
WP_GREAT_STATE_REPORTERS,,,JanMurphy,,,
WP_GREAT_STATE_REPORTERS,,,DNBethLeBlanc,,,
WP_GREAT_STATE_REPORTERS,,,hannahmeisel,,,
WP_GREAT_STATE_REPORTERS,,,jonathanoosting,,,
WP_GREAT_STATE_REPORTERS,,,asanderford,,,
WP_GREAT_STATE_REPORTERS,,,rbeggin,,,
WP_GREAT_STATE_REPORTERS,,,RileySnyder,,,
WP_GREAT_STATE_REPORTERS,,,jonshorman,,,
WP_GREAT_STATE_REPORTERS,,,nkellyIN,,,
WP_GREAT_STATE_REPORTERS,,,tsspangler,,,
WP_GREAT_STATE_REPORTERS,,,DanielMunoz100,,,
WP_GREAT_STATE_REPORTERS,,,AndrewJTobias,,,
WP_GREAT_STATE_REPORTERS,,,brynstole,,,
WP_GREAT_STATE_REPORTERS,,,cprwarner,,,
WP_GREAT_STATE_REPORTERS,,,PoliticalStile,,,
WP_GREAT_STATE_REPORTERS,,,Jim_Brunner,,,
WP_GREAT_STATE_REPORTERS,,,pwoodreporter,,,
WP_GREAT_STATE_REPORTERS,,,sweetadelinevt,,,
WP_GREAT_STATE_REPORTERS,,,John__Sadler,,,
WP_GREAT_STATE_REPORTERS,,,MaayanSchechter,,,
WP_GREAT_STATE_REPORTERS,,,MaryEllenKlas,,,
WP_GREAT_STATE_REPORTERS,,,PhilKabler,,,
WP_GREAT_STATE_REPORTERS,,,emilyjanelawler,,,
WP_GREAT_STATE_REPORTERS,,,JonathanTamari,,,
WP_GREAT_STATE_REPORTERS,,,lbischoff,,,
WP_GREAT_STATE_REPORTERS,,,AmandaVinicky,,,
WP_GREAT_STATE_REPORTERS,,,meganmesserly,,,
WP_GREAT_STATE_REPORTERS,,,PolarBarrett,,,
WP_GREAT_STATE_REPORTERS,,,paulegan4,,,
WP_GREAT_STATE_REPORTERS,,,JackFromNoDak,,,
WP_GREAT_STATE_REPORTERS,,,bydanaferguson,,,
WP_GREAT_STATE_REPORTERS,,,jeremyduda,,,
WP_GREAT_STATE_REPORTERS,,,JesseAPaul,,,
WP_GREAT_STATE_REPORTERS,,,chrispkeating,,,
WP_GREAT_STATE_REPORTERS,,,SteveSebelius,,,
WP_GREAT_STATE_REPORTERS,,,stphnfwlr,,,
WP_GREAT_STATE_REPORTERS,,,sherman_news,,,
WP_GREAT_STATE_REPORTERS,,,GregHilburn1,,,
WP_GREAT_STATE_REPORTERS,,,JimmyVielkind,,,
WP_GREAT_STATE_REPORTERS,,,TimBoyumTV,,,
WP_GREAT_STATE_REPORTERS,,,karenkasler,,,
WP_GREAT_STATE_REPORTERS,,,SusanKLivio,,,
WP_GREAT_STATE_REPORTERS,,,JeremySWallace,,,
WP_GREAT_STATE_REPORTERS,,,RobyBrock,,,
WP_GREAT_STATE_REPORTERS,,,anaceballos_,,,
WP_GREAT_STATE_REPORTERS,,,MayaTPrabhu,,,
WP_GREAT_STATE_REPORTERS,,,lmower3,,,
WP_GREAT_STATE_REPORTERS,,,dracioppi,,,
WP_GREAT_STATE_REPORTERS,,,ByJohnLMicek,,,
WP_GREAT_STATE_REPORTERS,,,klandergan,,,
WP_GREAT_STATE_REPORTERS,,,cullen_art,,,
WP_GREAT_STATE_REPORTERS,,,ChasThompson1,,,
WP_GREAT_STATE_REPORTERS,,,gmoomaw,,,
WP_GREAT_STATE_REPORTERS,,,MattPStout,,,
WP_GREAT_STATE_REPORTERS,,,AlexSamuelsx5,,,
WP_GREAT_STATE_REPORTERS,,,mmorris011,,,
WP_GREAT_STATE_REPORTERS,,,hborrud,,,
WP_GREAT_STATE_REPORTERS,,,scontorno,,,
WP_GREAT_STATE_REPORTERS,,,sbarchenger,,,
WP_GREAT_STATE_REPORTERS,,,drdesrochers,,,
WP_GREAT_STATE_REPORTERS,,,JerryBurnes,,,
WP_GREAT_STATE_REPORTERS,,,AustinJ_Reports,,,
WP_GREAT_STATE_REPORTERS,,,GabrielKKramer,,,
WP_GREAT_STATE_REPORTERS,,,SegravesNBC4,,,
WP_GREAT_STATE_REPORTERS,,,lruskin,,,
WP_GREAT_STATE_REPORTERS,,,tituswu100,,,
WP_GREAT_STATE_REPORTERS,,,MichelleRindels,,,
WP_GREAT_STATE_REPORTERS,,,jslovegrove,,,
WP_GREAT_STATE_REPORTERS,,,idaveprice,,,
WP_GREAT_STATE_REPORTERS,,,MikeWickline,,,
WP_GREAT_STATE_REPORTERS,,,dospueblos,,,
WP_GREAT_STATE_REPORTERS,,,natalie_allison,,,
WP_GREAT_STATE_REPORTERS,,,JohnnieMo,,,
WP_GREAT_STATE_REPORTERS,,,_lucillesherman,,,
WP_GREAT_STATE_REPORTERS,,,bhoberock,,,
WP_GREAT_STATE_REPORTERS,,,markniesse,,,
WP_GREAT_STATE_REPORTERS,,,joingles,,,
WP_GREAT_STATE_REPORTERS,,,laurahancock,,,
WP_GREAT_STATE_REPORTERS,,,poozer87,,,
WP_GREAT_STATE_REPORTERS,,,okayhenderson,,,
WP_GREAT_STATE_REPORTERS,,,ChrisSikich,,,
WP_GREAT_STATE_REPORTERS,,,tstevensmedia,,,
WP_GREAT_STATE_REPORTERS,,,TomDaviesIND,,,
WP_GREAT_STATE_REPORTERS,,,chris_churchill,,,
WP_GREAT_STATE_REPORTERS,,,will_doran,,,
WP_GREAT_STATE_REPORTERS,,,andrewselsky,,,
WP_GREAT_STATE_REPORTERS,,,piperhudsburn,,,
WP_GREAT_STATE_REPORTERS,,,RandyLudlow,,,
WP_GREAT_STATE_REPORTERS,,,zachdespart,,,
WP_GREAT_STATE_REPORTERS,,,lyman_brian,,,
WP_GREAT_STATE_REPORTERS,,,dave_boucher,,,
WP_GREAT_STATE_REPORTERS,,,indystartony,,,
WP_GREAT_STATE_REPORTERS,,,EWagsterPettus,,,
WP_GREAT_STATE_REPORTERS,,,ValOnTheBorder,,,
WP_GREAT_STATE_REPORTERS,,,NigelJaquiss,,,
WP_GREAT_STATE_REPORTERS,,,OlympiaJoe,,,
WP_GREAT_STATE_REPORTERS,,,johnmyers,,,
WP_GREAT_STATE_REPORTERS,,,AK_OK,,,
WP_GREAT_STATE_REPORTERS,,,FenitN,,,
WP_GREAT_STATE_REPORTERS,,,RickRouan,,,
WP_GREAT_STATE_REPORTERS,,,garydrobertson,,,
WP_GREAT_STATE_REPORTERS,,,maustermuhle,,,
WP_GREAT_STATE_REPORTERS,,,ActualCAndrews,,,
WP_GREAT_STATE_REPORTERS,,,TravisFain,,,
WP_GREAT_STATE_REPORTERS,,,JMBorchardt,,,
WP_GREAT_STATE_REPORTERS,,,smontemayor,,,
WP_GREAT_STATE_REPORTERS,,,MegKinnardAP,,,
WP_GREAT_STATE_REPORTERS,,,EricBermanIN,,,
WP_GREAT_STATE_REPORTERS,,,kelleratlarge,,,
WP_GREAT_STATE_REPORTERS,,,ErinDMurphy,,,
WP_GREAT_STATE_REPORTERS,,,benfelder_okc,,,
WP_GREAT_STATE_REPORTERS,,,AngelasInk,,,
WP_GREAT_STATE_REPORTERS,,,timelywriter,,,
WP_GREAT_STATE_REPORTERS,,,mpolletta,,,
WP_GREAT_STATE_REPORTERS,,,DakotaScoutJoe,,,
WP_GREAT_STATE_REPORTERS,,,WhitneyDownard,,,
WP_GREAT_STATE_REPORTERS,,,AndrewGraham88,,,
WP_GREAT_STATE_REPORTERS,,,lerdody,,,
WP_GREAT_STATE_REPORTERS,,,Elaijuh,,,
WP_GREAT_STATE_REPORTERS,,,jaclyndriscoll,,,
WP_GREAT_STATE_REPORTERS,,,Lynn_Bonner,,,
WP_GREAT_STATE_REPORTERS,,,Sharrison_WFAE,,,
WP_GREAT_STATE_REPORTERS,,,LaurelRosenhall,,,
WP_GREAT_STATE_REPORTERS,,,TedShermanSL,,,
WP_GREAT_STATE_REPORTERS,,,KendraRC976,,,
WP_GREAT_STATE_REPORTERS,,,ByCindiAndrews,,,
WP_GREAT_STATE_REPORTERS,,,GeoffPender,,,
WP_GREAT_STATE_REPORTERS,,,hollykmichels,,,
WP_GREAT_STATE_REPORTERS,,,NewsbySmiley,,,
WP_GREAT_STATE_REPORTERS,,,MatthewArco,,,
WP_GREAT_STATE_REPORTERS,,,davlinnews,,,
WP_GREAT_STATE_REPORTERS,,,gromerjeffers,,,
WP_GREAT_STATE_REPORTERS,,,jessvanb,,,
WP_GREAT_STATE_REPORTERS,,,Marshall9News,,,
WP_GREAT_STATE_REPORTERS,,,PaulHammelNE,,,
WP_GREAT_STATE_REPORTERS,,,nickjudin,,,